{
  "code":1,
  "res":[
    {
      "id":"0",
      "name":"Lesson 1斑马寻宝记",
      "type":"初级课程1A",
      "lessonTimeLen":"40分钟",
      "startTime":"05月26日 10:00",
      "isStart":true,
      "isCompleted":true
    },
    {
      "id":"1",
      "name":"Lesson 1斑马寻宝记",
      "type":"初级课程1A",
      "lessonTimeLen":"40分钟",
      "startTime":"05月26日 10:00",
      "isStart":true,
      "isCompleted":false
    },
    {
      "id":"2",
      "name":"Lesson 1斑马寻宝记",
      "type":"初级课程1A",
      "lessonTimeLen":"40分钟",
      "startTime":"05月26日 10:00",
      "isStart":false,
      "isCompleted":false
    },
    {
      "id":"3",
      "name":"Lesson 1斑马寻宝记",
      "type":"初级课程1A",
      "lessonTimeLen":"40分钟",
      "startTime":"05月26日 10:00",
      "isStart":false,
      "isCompleted":false
    },
    {
      "id":"4",
      "name":"Lesson 1斑马寻宝记",
      "type":"初级课程1A",
      "lessonTimeLen":"40分钟",
      "startTime":"05月26日 10:00",
      "isStart":false,
      "isCompleted":false
    },
    {
      "id":"5",
      "name":"Lesson 1斑马寻宝记",
      "type":"初级课程1A",
      "lessonTimeLen":"40分钟",
      "startTime":"05月26日 10:00",
      "isStart":false,
      "isCompleted":false
    },
    {
      "id":"6",
      "name":"Lesson 1斑马寻宝记",
      "type":"初级课程1A",
      "lessonTimeLen":"40分钟",
      "startTime":"05月26日 10:00",
      "isStart":false,
      "isCompleted":false
    },
    {
      "id":"7",
      "name":"Lesson 1斑马寻宝记",
      "type":"初级课程1A",
      "lessonTimeLen":"40分钟",
      "startTime":"05月26日 10:00",
      "isStart":false,
      "isCompleted":false
    },
    {
      "id":"8",
      "name":"Lesson 1斑马寻宝记",
      "type":"初级课程1A",
      "lessonTimeLen":"40分钟",
      "startTime":"05月26日 10:00",
      "isStart":false,
      "isCompleted":false
    },
    {
      "id":"9",
      "name":"Lesson 1斑马寻宝记",
      "type":"初级课程1A",
      "lessonTimeLen":"40分钟",
      "startTime":"05月26日 10:00",
      "isStart":false,
      "isCompleted":false
    },
    {
      "id":"10",
      "name":"Lesson 1斑马寻宝记",
      "type":"初级课程1A",
      "lessonTimeLen":"40分钟",
      "startTime":"05月26日 10:00",
      "isStart":false,
      "isCompleted":false
    }
  ]
}